system,available,skipped_reason,license_gate_passed,license_gate_reason,qualification_status,license_name,license_source,citation_url,precision,recall,f1,latency_p50_ms,docs_per_hour,composite_score,elo_rating,entity_types_detected,entity_types_total,samples,per_entity_recall,per_entity_precision,dominance_pass_by_profile,evaluation_track
gliner,True,,True,,qualified,Apache-2.0,license-field,https://github.com/urchade/GLiNER,0.96196,0.736972,0.834569,1783.674,2067.09,0.672644,1594.15,5,5,800,"{""ADDRESS"": 1.0, ""EMAIL_ADDRESS"": 0.94875, ""PERSON_NAME"": 0.515337, ""PHONE_NUMBER"": 1.0, ""US_SSN"": 1.0}","{""ADDRESS"": 1.0, ""EMAIL_ADDRESS"": 0.973077, ""PERSON_NAME"": 0.911416, ""PHONE_NUMBER"": 1.0, ""US_SSN"": 1.0}","{""log_lines"": false, ""long_document"": false, ""multilingual_mix"": false, ""short_chat"": false, ""structured_form_accuracy"": false, ""structured_form_latency"": false}",detect_only
llm_guard,False,llm_guard native scanner unavailable,True,,qualified,"The MIT License (MIT)

Copyright (c) Protect AI. All rights reserved.

Permission is hereby granted, free of charge, to any person obtaining a copy
of this software and associated documentation files (the ""Software""), to deal
in the Software without restriction, including without limitation the rights
to use, copy, modify, merge, publish, distribute, sublicense, and/or sell
copies of the Software, and to permit persons to whom the Software is
furnished to do so, subject to the following conditions:

The above copyright notice and this permission notice shall be included in all
copies or substantial portions of the Software.

THE SOFTWARE IS PROVIDED ""AS IS"", WITHOUT WARRANTY OF ANY KIND, EXPRESS OR
IMPLIED, INCLUDING BUT NOT LIMITED TO THE WARRANTIES OF MERCHANTABILITY,
FITNESS FOR A PARTICULAR PURPOSE AND NONINFRINGEMENT. IN NO EVENT SHALL THE
AUTHORS OR COPYRIGHT HOLDERS BE LIABLE FOR ANY CLAIM, DAMAGES OR OTHER
LIABILITY, WHETHER IN AN ACTION OF CONTRACT, TORT OR OTHERWISE, ARISING FROM,
OUT OF OR IN CONNECTION WITH THE SOFTWARE OR THE USE OR OTHER DEALINGS IN THE
SOFTWARE.",license-field,https://github.com/protectai/llm-guard,0.0,0.0,0.0,0.0,0.0,0.0,0.0,0,0,800,{},{},"{""log_lines"": false, ""long_document"": false, ""multilingual_mix"": false, ""short_chat"": false, ""structured_form_accuracy"": false, ""structured_form_latency"": false}",detect_only
pii-anon,True,,True,,core,Apache-2.0,project,https://github.com/subhash-holla/pii-anon,1.0,0.333416,0.500093,0.026,75205504.26,0.648746,1578.07,2,5,800,"{""ADDRESS"": 0.0, ""EMAIL_ADDRESS"": 1.0, ""PERSON_NAME"": 0.0, ""PHONE_NUMBER"": 1.0, ""US_SSN"": 0.0}","{""EMAIL_ADDRESS"": 1.0, ""PHONE_NUMBER"": 1.0}","{""log_lines"": true, ""long_document"": false, ""multilingual_mix"": false, ""short_chat"": true, ""structured_form_accuracy"": false, ""structured_form_latency"": true}",detect_only
pii-anon-full,True,,True,,core,Apache-2.0,project,https://github.com/subhash-holla/pii-anon,1.0,0.135836,0.239182,0.061,57051466.13,0.488244,1473.42,1,5,800,"{""ADDRESS"": 0.0, ""EMAIL_ADDRESS"": 0.0, ""PERSON_NAME"": 0.0, ""PHONE_NUMBER"": 1.0, ""US_SSN"": 0.0}","{""PHONE_NUMBER"": 1.0}","{""log_lines"": false, ""long_document"": false, ""multilingual_mix"": false, ""short_chat"": false, ""structured_form_accuracy"": false, ""structured_form_latency"": false}",detect_only
pii-anon-minimal,True,,True,,core,Apache-2.0,project,https://github.com/subhash-holla/pii-anon,0.445105,0.869597,0.588821,41.967,87669.41,0.584701,1536.3,4,5,800,"{""ADDRESS"": 0.0, ""EMAIL_ADDRESS"": 1.0, ""PERSON_NAME"": 0.8084, ""PHONE_NUMBER"": 1.0, ""US_SSN"": 0.999091}","{""ADDRESS"": 0.0, ""DATE_TIME"": 0.0, ""EMAIL_ADDRESS"": 1.0, ""IN_PAN"": 0.0, ""LOCATION"": 0.0, ""NRP"": 0.0, ""PERSON_NAME"": 0.599199, ""PHONE_NUMBER"": 0.805949, ""URL"": 0.0, ""US_ITIN"": 0.0, ""US_SSN"": 1.0}","{""log_lines"": false, ""long_document"": false, ""multilingual_mix"": false, ""short_chat"": false, ""structured_form_accuracy"": false, ""structured_form_latency"": false}",detect_only
pii-anon-standard,True,,True,,core,Apache-2.0,project,https://github.com/subhash-holla/pii-anon,0.32898,0.923808,0.485181,1618.893,2233.84,0.431112,1440.71,5,5,800,"{""ADDRESS"": 1.0, ""EMAIL_ADDRESS"": 1.0, ""PERSON_NAME"": 0.854412, ""PHONE_NUMBER"": 1.0, ""US_SSN"": 1.0}","{""ADDRESS"": 0.333333, ""BUILDINGNUM"": 0.0, ""DATE_TIME"": 0.0, ""EMAIL_ADDRESS"": 0.767279, ""GIVENNAME"": 0.0, ""IN_PAN"": 0.0, ""LOCATION"": 0.0, ""NRP"": 0.0, ""PERSON_NAME"": 0.666372, ""PHONE_NUMBER"": 0.872281, ""SOCIALNUM"": 0.0, ""STREET"": 0.0, ""SURNAME"": 0.0, ""TELEPHONENUM"": 0.0, ""URL"": 0.0, ""USERNAME"": 0.0, ""US_ITIN"": 0.0, ""US_SSN"": 1.0}","{""log_lines"": false, ""long_document"": false, ""multilingual_mix"": false, ""short_chat"": false, ""structured_form_accuracy"": false, ""structured_form_latency"": false}",detect_only
piiranha,True,,True,,qualified,Apache Software License,classifier,https://huggingface.co/iiiorg/piiranha-v1-detect-personal-information,0.0,0.0,0.0,2040.942,1936.67,0.000433,1341.46,0,5,800,"{""ADDRESS"": 0.0, ""EMAIL_ADDRESS"": 0.0, ""PERSON_NAME"": 0.0, ""PHONE_NUMBER"": 0.0, ""US_SSN"": 0.0}","{""ADDRESS"": 0.0, ""BUILDINGNUM"": 0.0, ""EMAIL_ADDRESS"": 0.0, ""GIVENNAME"": 0.0, ""LOCATION"": 0.0, ""SOCIALNUM"": 0.0, ""STREET"": 0.0, ""SURNAME"": 0.0, ""TELEPHONENUM"": 0.0, ""USERNAME"": 0.0}","{""log_lines"": false, ""long_document"": false, ""multilingual_mix"": false, ""short_chat"": false, ""structured_form_accuracy"": false, ""structured_form_latency"": false}",detect_only
presidio,True,,True,,qualified,MIT License,classifier,https://github.com/microsoft/presidio,0.416319,0.504693,0.456266,36.676,130025.84,0.465935,1463.78,4,5,800,"{""ADDRESS"": 0.0, ""EMAIL_ADDRESS"": 0.725, ""PERSON_NAME"": 0.399245, ""PHONE_NUMBER"": 0.403636, ""US_SSN"": 0.719091}","{""DATE_TIME"": 0.0, ""EMAIL_ADDRESS"": 1.0, ""IN_PAN"": 0.0, ""LOCATION"": 0.0, ""NRP"": 0.0, ""PERSON_NAME"": 0.545279, ""PHONE_NUMBER"": 0.601626, ""URL"": 0.0, ""US_ITIN"": 0.0, ""US_SSN"": 1.0}","{""log_lines"": false, ""long_document"": false, ""multilingual_mix"": false, ""short_chat"": false, ""structured_form_accuracy"": false, ""structured_form_latency"": false}",detect_only
scrubadub,True,,True,,qualified,Apache Software License,classifier,https://github.com/LeapBeyond/scrubadub,0.816339,0.333169,0.473209,0.414,6407257.01,0.595529,1546.56,2,5,800,"{""ADDRESS"": 0.0, ""EMAIL_ADDRESS"": 1.0, ""PERSON_NAME"": 0.0, ""PHONE_NUMBER"": 0.0, ""US_SSN"": 0.998182}","{""EMAIL_ADDRESS"": 1.0, ""PHONEFILTH"": 0.0, ""US_SSN"": 1.0}","{""log_lines"": false, ""long_document"": false, ""multilingual_mix"": false, ""short_chat"": false, ""structured_form_accuracy"": false, ""structured_form_latency"": false}",detect_only
